Model,F1,Recall,Precision,Accuracy
Random Forest,0.9506344345617117,0.9162667504657585,0.9877541586226244,0.9842096802017682
XGBoost Model,0.9497944213606333,0.9189468249870935,0.9828551795273286,0.9838761615803119
Decision Trees,0.9438175907628678,0.9176045431078987,0.9716449164570051,0.9818744315374813
Logistic Regression,0.26627218934911245,0.18072289156626506,0.5056179775280899,0.8345563709139426
